date,time,open,high,low,close,volume
20210525,905,361000,363000,359500,362000,997
20210525,910,360500,362000,359000,360500,826
20210525,915,361000,364000,360500,364000,1673
20210525,920,362000,363500,362000,363500,595
20210525,925,363500,364000,363500,363500,913
20210525,930,363000,363500,360000,360500,648
20210525,935,361000,361000,360000,360000,348
20210525,940,360000,360000,359000,359500,553
20210525,945,359000,359500,357500,357500,1099
20210525,950,358000,358500,355500,356000,1147
20210525,955,356500,357000,356000,357000,152
20210525,1000,356500,356500,354500,354500,990
20210525,1005,354500,356000,354500,355000,935
20210525,1010,355000,355000,353500,354000,1647
20210525,1015,354500,355500,353000,355500,888
20210525,1020,355500,356500,354500,354500,677
20210525,1025,354500,354500,354000,354500,221
20210525,1030,354000,355500,353500,355500,541
20210525,1035,355500,357000,355500,356500,495
20210525,1040,356500,356500,356000,356000,104
20210525,1045,356000,357000,356000,357000,155
20210525,1050,357000,357000,356500,356500,113
20210525,1055,356500,358000,356500,357500,577
20210525,1100,357500,358000,357500,358000,371
20210525,1105,357500,358500,357000,358500,361
20210525,1110,358000,359500,358000,359500,242
20210525,1115,359500,360500,359000,359000,787
20210525,1120,359000,359000,358000,358000,197
20210525,1125,357500,358500,357500,358000,319
20210525,1130,358000,358500,358000,358500,51
20210525,1135,358500,359000,357500,357500,212
20210525,1140,357500,358000,357500,358000,168
20210525,1145,358000,358000,357500,357500,87
20210525,1150,357500,358000,357500,358000,274
20210525,1155,358000,358500,357500,358500,172
20210525,1200,358500,358500,358000,358000,177
20210525,1205,358000,358000,357500,358000,722
20210525,1210,358000,358000,358000,358000,71
20210525,1215,358000,358500,357500,358000,222
20210525,1220,358000,358000,357500,358000,245
20210525,1225,358000,358500,357500,358500,167
20210525,1230,358500,358500,358000,358500,217
20210525,1235,358000,358500,357500,358000,227
20210525,1240,358000,358000,357500,358000,480
20210525,1245,358000,358500,358000,358000,63
20210525,1250,358000,358500,358000,358000,153
20210525,1255,357500,358000,357500,357500,181
20210525,1300,357500,357500,357000,357500,330
20210525,1305,357500,357500,357500,357500,59
20210525,1310,357500,358000,357500,358000,36
20210525,1315,357500,357500,357500,357500,154
20210525,1320,357500,358000,357500,358000,158
20210525,1325,357500,358000,357500,357500,91
20210525,1330,357500,358000,357000,357500,174
20210525,1335,357500,357500,357000,357000,372
20210525,1340,357000,357500,357000,357000,134
20210525,1345,357000,357500,356500,356500,313
20210525,1350,356500,356500,356000,356000,557
20210525,1355,356000,356500,356000,356500,229
20210525,1400,356500,357000,356500,356500,213
20210525,1405,356500,356500,356000,356500,187
20210525,1410,356500,356500,356000,356000,140
20210525,1415,356000,356500,355500,355500,827
20210525,1420,355500,356000,355500,356000,197
20210525,1425,356500,356500,355500,356000,251
20210525,1430,356500,356500,356000,356500,249
20210525,1435,356000,357000,356000,356500,219
20210525,1440,356500,357000,356000,356500,415
20210525,1445,356500,356500,356000,356500,200
20210525,1450,356500,357000,355500,355500,667
20210525,1455,355500,356500,355500,356500,980
20210525,1500,356500,356500,356000,356000,577
20210525,1505,356000,356500,356000,356500,445
20210525,1510,356500,357000,356000,356000,652
20210525,1515,356000,356500,356000,356000,606
20210525,1520,356000,357000,355500,356000,1337
20210525,1530,355000,355000,355000,355000,930
20210526,905,355000,358500,355000,356500,1328
20210526,910,357000,361000,357000,360000,1617
20210526,915,360000,362500,359500,362000,1892
20210526,920,361500,362000,360500,361500,1243
20210526,925,361000,361500,360000,360500,478
20210526,930,360500,360500,359000,359000,1076
20210526,935,359500,359500,358500,359500,515
20210526,940,359000,359500,359000,359500,337
20210526,945,359500,363000,359000,362500,1940
20210526,950,362500,366500,362500,366000,3182
20210526,955,366000,366500,365000,366000,1490
20210526,1000,366000,366500,365500,366500,1348
20210526,1005,366500,366500,365500,366000,585
20210526,1010,366000,366000,363000,363000,3009
20210526,1015,363000,363500,362000,362000,938
20210526,1020,362000,362500,361500,362000,1114
20210526,1025,362000,363500,362000,363000,422
20210526,1030,363500,365500,363000,365500,568
20210526,1035,365500,366000,364500,366000,804
20210526,1040,366000,366500,365500,366000,575
20210526,1045,366000,366000,363500,365500,717
20210526,1050,365500,365500,364000,364000,260
20210526,1055,364000,364500,363500,364500,280
20210526,1100,364500,365000,364000,364500,367
20210526,1105,364500,364500,363500,364000,371
20210526,1110,364000,364000,363000,363500,592
20210526,1115,363500,363500,363000,363500,232
20210526,1120,363000,364000,363000,364000,261
20210526,1125,364500,364500,363500,364000,452
20210526,1130,364000,364000,363500,364000,59
20210526,1135,364000,364000,363500,363500,36
20210526,1140,364000,364000,363500,364000,151
20210526,1145,364000,365000,363500,365000,603
20210526,1150,365000,365000,364500,365000,705
20210526,1155,365000,366000,365000,366000,617
20210526,1200,366000,366500,365500,366000,769
20210526,1205,366000,366500,365500,366500,304
20210526,1210,366000,366500,365500,365500,649
20210526,1215,366000,366500,365500,366000,371
20210526,1220,366000,366500,365500,365500,605
20210526,1225,366000,366000,365000,366000,208
20210526,1230,365500,365500,365000,365500,314
20210526,1235,365500,365500,365000,365500,143
20210526,1240,365500,365500,365000,365500,349
20210526,1245,365500,365500,364500,365000,245
20210526,1250,365000,365000,364500,364500,93
20210526,1255,365000,365000,364500,364500,184
20210526,1300,364500,364500,364000,364500,172
20210526,1305,364500,364500,362500,362500,1288
20210526,1310,363000,363000,362000,362500,231
20210526,1315,362000,362000,361500,361500,432
20210526,1320,361500,362000,361500,361500,68
20210526,1325,362000,362500,361500,362500,426
20210526,1330,363000,363000,362000,363000,235
20210526,1335,363000,363000,362000,362500,187
20210526,1340,362500,362500,361500,361500,260
20210526,1345,361500,362000,360000,360500,1391
20210526,1350,360000,360500,359000,360000,455
20210526,1355,360000,360500,360000,360500,619
20210526,1400,360500,362000,360500,362000,294
20210526,1405,362000,362000,361000,361500,154
20210526,1410,361500,362000,361000,362000,129
20210526,1415,362000,362500,361500,362500,260
20210526,1420,362500,363000,362000,363000,374
20210526,1425,362500,363000,362000,362500,123
20210526,1430,362000,362500,362000,362500,40
20210526,1435,362500,363000,362000,363000,410
20210526,1440,363000,363500,362500,362500,398
20210526,1445,362500,363500,362500,363000,92
20210526,1450,362500,363000,362500,363000,104
20210526,1455,363000,363500,362500,363000,320
20210526,1500,363000,363500,363000,363500,122
20210526,1505,363000,364000,363000,364000,832
20210526,1510,363500,364500,363500,364500,413
20210526,1515,364500,365500,364000,365000,877
20210526,1520,365000,365000,363500,364000,655
20210526,1530,366000,366000,366000,366000,1962
20210527,905,369000,370500,368500,369000,2459
20210527,910,369000,369000,367500,368000,868
20210527,915,368000,368500,365500,365500,1403
20210527,920,365000,366500,362500,364000,1710
20210527,925,364000,364000,360000,360000,1331
20210527,930,360500,363500,360000,362000,698
20210527,935,362000,363000,361500,362500,146
20210527,940,362000,362500,361000,361000,1125
20210527,945,361000,362000,361000,362000,141
20210527,950,362000,362000,361500,361500,445
20210527,955,361000,362000,360000,361000,964
20210527,1000,361000,362500,360500,361000,305
20210527,1005,361500,362500,361500,362500,223
20210527,1010,362500,363000,361000,361000,465
20210527,1015,361000,361500,359000,359000,1053
20210527,1020,359000,359500,358000,358500,1411
20210527,1025,358500,358500,357000,357500,960
20210527,1030,357000,358000,357000,358000,434
20210527,1035,358500,359500,358000,359500,192
20210527,1040,359500,360000,359000,360000,216
20210527,1045,360000,361500,359500,361500,169
20210527,1050,361500,361500,360500,360500,361
20210527,1055,360500,361500,360500,361000,191
20210527,1100,361000,361000,359500,360000,287
20210527,1105,360000,360000,359000,359500,265
20210527,1110,359500,359500,358500,358500,284
20210527,1115,359000,359500,359000,359000,86
20210527,1120,358500,359000,358500,359000,284
20210527,1125,359000,359000,358500,358500,118
20210527,1130,358500,359000,358500,359000,60
20210527,1135,359000,359000,358500,359000,49
20210527,1140,359000,359000,358500,359000,65
20210527,1145,359500,359500,359000,359500,36
20210527,1150,359500,360000,359500,360000,131
20210527,1155,359500,360000,359000,359000,101
20210527,1200,359000,359000,358500,359000,244
20210527,1205,358500,359000,358500,358500,146
20210527,1210,358500,359000,358500,359000,188
20210527,1215,358500,359000,358500,358500,72
20210527,1220,358500,359500,358500,359500,303
20210527,1225,359500,360000,359500,359500,286
20210527,1230,360000,360000,359500,360000,507
20210527,1235,360000,360000,359500,359500,361
20210527,1240,360000,360000,359500,360000,27
20210527,1245,360000,360500,360000,360500,211
20210527,1250,360500,362000,360500,362000,644
20210527,1255,362000,363000,362000,362500,520
20210527,1300,362500,363500,362500,363500,353
20210527,1305,363500,363500,362000,362000,297
20210527,1310,362000,362500,362000,362000,79
20210527,1315,362000,362500,362000,362500,77
20210527,1320,362500,363000,362000,363000,118
20210527,1325,363000,363000,362000,362500,91
20210527,1330,362500,363000,362000,362000,115
20210527,1335,362000,362000,360500,362000,86
20210527,1340,361500,362000,361500,362000,31
20210527,1345,362000,362500,361500,362000,302
20210527,1350,362000,363500,362000,363500,369
20210527,1355,363000,363500,363000,363500,134
20210527,1400,363500,364000,363000,364000,187
20210527,1405,364000,364500,364000,364500,298
20210527,1410,364500,364500,363000,363000,461
20210527,1415,363000,363000,362000,362000,72
20210527,1420,363000,363000,362000,362000,125
20210527,1425,362000,362500,362000,362000,123
20210527,1430,362000,362000,361500,362000,102
20210527,1435,361500,362000,360500,361500,435
20210527,1440,361500,361500,360500,360500,159
20210527,1445,360500,361500,360500,361500,157
20210527,1450,361500,361500,360500,361500,147
20210527,1455,361000,362500,361000,362500,427
20210527,1500,363000,363500,362500,362500,806
20210527,1505,362500,363000,362000,362500,570
20210527,1510,363000,363500,362500,363000,411
20210527,1515,363000,363500,362500,363000,451
20210527,1520,363000,363500,362000,362000,581
20210527,1530,360000,360000,360000,360000,1937
20210528,905,361500,363500,360000,362000,859
20210528,910,362000,363500,362000,362000,670
20210528,915,362000,363000,359500,362500,452
20210528,920,362500,364500,362000,364000,896
20210528,925,364000,364500,363000,363000,396
20210528,930,363000,363500,362000,362500,389
20210528,935,362500,362500,360000,360000,552
20210528,940,360000,361000,360000,361000,213
20210528,945,361000,363500,361000,363000,393
20210528,950,363000,363000,362000,362500,215
20210528,955,362000,363000,361000,362000,97
20210528,1000,362000,362000,360000,361000,662
20210528,1005,360500,362000,360500,362000,252
20210528,1010,361500,362500,361500,362000,172
20210528,1015,362000,362000,361000,362000,365
20210528,1020,362000,362000,361000,362000,245
20210528,1025,362000,362000,361500,362000,271
20210528,1030,362000,362000,361500,361500,130
20210528,1035,361500,361500,360500,360500,152
20210528,1040,360500,361500,360000,360500,158
20210528,1045,360500,361000,360500,360500,112
20210528,1050,360500,360500,359500,360000,492
20210528,1055,360000,360500,360000,360000,165
20210528,1100,360000,360500,360000,360000,93
20210528,1105,360000,360000,359500,359500,401
20210528,1110,359500,360000,359000,360000,351
20210528,1115,359500,360000,359000,360000,296
20210528,1120,360000,360000,359000,359500,104
20210528,1125,360000,360000,359500,359500,90
20210528,1130,359500,359500,359000,359000,205
20210528,1135,359500,359500,359000,359500,171
20210528,1140,359500,360000,359000,359000,105
20210528,1145,359500,359500,359000,359500,75
20210528,1150,359500,359500,359000,359500,56
20210528,1155,359500,360000,359500,360000,213
20210528,1200,360000,360000,359000,360000,269
20210528,1205,359000,360000,359000,359500,160
20210528,1210,359500,360000,359000,360000,181
20210528,1215,360000,360000,359500,360000,49
20210528,1220,360000,360000,359500,360000,135
20210528,1225,360000,360500,360000,360500,109
20210528,1230,360500,361000,360500,361000,81
20210528,1235,361000,361000,360500,361000,52
20210528,1240,361000,361000,360500,360500,53
20210528,1245,361000,361000,360500,361000,131
20210528,1250,360500,360500,360500,360500,119
20210528,1255,360500,360500,360000,360500,104
20210528,1300,360500,361000,360000,361000,60
20210528,1305,361000,361000,360500,361000,59
20210528,1310,361000,361000,361000,361000,41
20210528,1315,361000,361000,360500,360500,151
20210528,1320,361000,361000,360000,360000,355
20210528,1325,360000,360500,359500,359500,373
20210528,1330,359500,360500,359500,360500,127
20210528,1335,360500,360500,359500,360000,138
20210528,1340,360000,360000,359500,360000,237
20210528,1345,360000,360500,359500,360500,287
20210528,1350,360500,360500,359500,360500,233
20210528,1355,360500,361000,360500,361000,293
20210528,1400,361000,361500,360500,361500,218
20210528,1405,361500,362000,361500,362000,815
20210528,1410,362000,362000,361500,362000,198
20210528,1415,362000,362000,361000,361000,239
20210528,1420,361500,361500,360500,361000,179
20210528,1425,360500,361000,360000,360000,291
20210528,1430,361000,361000,360500,360500,128
20210528,1435,360500,361000,360000,360500,237
20210528,1440,361000,361000,360500,361000,276
20210528,1445,360500,361000,360500,360500,116
20210528,1450,360500,361000,360000,360500,549
20210528,1455,360500,360500,360000,360000,184
20210528,1500,360500,360500,360000,360500,185
20210528,1505,360500,360500,360000,360500,65
20210528,1510,360500,361000,360000,361000,782
20210528,1515,361000,361500,361000,361500,519
20210528,1520,361500,361500,360000,361500,553
20210528,1530,361000,361000,361000,361000,779
20210531,905,360500,360500,355500,355500,1661
20210531,910,355500,358500,355500,358000,531
20210531,915,357500,358000,355500,356000,1040
20210531,920,356000,358500,356000,358000,1042
20210531,925,358000,358500,356500,356500,348
20210531,930,356500,357500,356500,357000,303
20210531,935,357500,358000,356500,356500,463
20210531,940,356500,357500,356500,357000,402
20210531,945,356500,357000,355500,355500,924
20210531,950,355500,356000,354000,354500,1783
20210531,955,354500,356000,354000,354500,950
20210531,1000,354500,355500,354500,354500,274
20210531,1005,355000,355500,354500,355000,501
20210531,1010,355000,355500,354500,354500,292
20210531,1015,355000,355000,354000,354000,691
20210531,1020,354000,354000,352000,352000,2445
20210531,1025,352000,352500,351500,352500,1312
20210531,1030,352000,352500,351500,351500,1421
20210531,1035,352000,352000,351500,351500,1033
20210531,1040,351500,352000,350000,350500,3780
20210531,1045,351000,351000,350500,351000,1033
20210531,1050,351000,352000,350500,350500,993
20210531,1055,351000,351000,350500,351000,1029
20210531,1100,351000,351000,349500,349500,2431
20210531,1105,350000,350000,349000,349000,1863
20210531,1110,349000,349500,348000,348500,1649
20210531,1115,348500,348500,347000,347000,2426
20210531,1120,347000,348000,347000,348000,710
20210531,1125,348500,350000,348000,349500,593
20210531,1130,349500,350000,349000,350000,472
20210531,1135,349500,350000,349000,349000,396
20210531,1140,349000,349500,348500,348500,501
20210531,1145,348500,349000,348000,348000,936
20210531,1150,348000,349000,348000,349000,629
20210531,1155,348500,348500,348000,348000,293
20210531,1200,348000,349000,348000,348000,465
20210531,1205,348000,348500,348000,348000,300
20210531,1210,348000,349000,348000,348500,346
20210531,1215,348500,348500,348000,348000,195
20210531,1220,348000,349000,348000,348000,202
20210531,1225,348000,349000,348000,348500,276
20210531,1230,348500,349000,348000,348000,183
20210531,1235,348000,349000,348000,348500,315
20210531,1240,348500,349000,348500,348500,320
20210531,1245,349000,349000,348500,348500,297
20210531,1250,348500,349000,348500,348500,217
20210531,1255,348500,349000,348500,349000,258
20210531,1300,349000,350000,348500,349000,320
20210531,1305,349000,350000,348500,349500,130
20210531,1310,349500,350000,349000,349500,160
20210531,1315,349000,350000,349000,349500,171
20210531,1320,349500,350000,349000,349500,448
20210531,1325,349500,351000,349500,350500,409
20210531,1330,350500,351000,350000,350500,462
20210531,1335,350500,351000,350000,350500,155
20210531,1340,351000,351000,350000,350000,211
20210531,1345,350000,351000,350000,351000,265
20210531,1350,350500,351500,350000,350500,277
20210531,1355,350500,351000,350000,350000,530
20210531,1400,350000,351000,350000,350000,381
20210531,1405,350000,350500,349500,349500,400
20210531,1410,350000,350000,349500,349500,231
20210531,1415,349500,350000,349500,349500,219
20210531,1420,349500,350000,349500,349500,226
20210531,1425,349500,350000,349500,350000,311
20210531,1430,349500,350000,349500,349500,430
20210531,1435,349500,350000,349000,349000,501
20210531,1440,349000,349500,349000,349000,396
20210531,1445,349000,349500,347500,347500,2401
20210531,1450,348000,349000,347500,348000,895
20210531,1455,347500,348500,347500,348000,603
20210531,1500,348000,349000,348000,348500,675
20210531,1505,348500,349000,348000,348000,668
20210531,1510,348000,349000,348000,348500,610
20210531,1515,348500,349000,348000,348000,1251
20210531,1520,348500,349500,348000,349000,789
20210531,1530,348500,348500,348500,348500,1503
20210601,905,348500,348500,346500,347500,1508
20210601,910,347500,347500,341500,342000,3619
20210601,915,342000,342000,336500,339500,4315
20210601,920,340000,344000,340000,342500,1884
20210601,925,343000,343500,340000,340000,1303
20210601,930,340500,341500,339500,339500,1448
20210601,935,340000,340000,339500,339500,1510
20210601,940,339500,339500,338000,339000,1853
20210601,945,339000,339500,338500,338500,1284
20210601,950,338500,340000,338500,339000,929
20210601,955,339000,342500,339000,342000,1992
20210601,1000,342000,346000,342000,345000,1968
20210601,1005,345500,349000,344500,348500,1849
20210601,1010,348500,352000,348000,351500,2362
20210601,1015,352000,353500,351500,352000,2407
20210601,1020,352000,352500,348000,348000,1128
20210601,1025,348000,348000,346500,347000,403
20210601,1030,346500,349000,346500,349000,359
20210601,1035,348500,350000,348500,349500,423
20210601,1040,349500,350500,349000,350000,353
20210601,1045,349500,350000,349000,349000,182
20210601,1050,349000,349500,348000,349000,417
20210601,1055,348500,349000,348000,348500,196
20210601,1100,348500,348500,347500,347500,244
20210601,1105,347500,348000,347500,347500,116
20210601,1110,347500,348000,346500,347000,408
20210601,1115,347000,347000,346000,346500,411
20210601,1120,346500,347500,346500,346500,140
20210601,1125,346500,347000,346000,346000,414
20210601,1130,346000,346500,345500,345500,328
20210601,1135,345500,346500,345500,346000,100
20210601,1140,346000,346500,346000,346000,247
20210601,1145,346000,346500,345000,345000,1278
20210601,1150,345000,345500,344000,345000,548
20210601,1155,345500,345500,344500,344500,246
20210601,1200,344500,345000,344000,345000,182
20210601,1205,344500,345500,344500,345000,123
20210601,1210,345500,345500,344500,344500,167
20210601,1215,344500,345000,344500,344500,113
20210601,1220,344500,345500,344500,345000,146
20210601,1225,345000,345000,344500,344500,130
20210601,1230,344500,345000,344500,344500,138
20210601,1235,345000,345000,344500,344500,125
20210601,1240,344500,345000,343500,343500,537
20210601,1245,344000,344500,343500,344000,257
20210601,1250,344000,344500,344000,344500,141
20210601,1255,344500,346000,344000,345500,190
20210601,1300,345500,346000,345000,345500,113
20210601,1305,345500,346000,345000,345000,114
20210601,1310,345500,345500,344500,345000,241
20210601,1315,345000,345000,344000,344000,279
20210601,1320,344500,344500,344000,344000,73
20210601,1325,344000,345000,344000,344000,130
20210601,1330,344000,344500,343500,343500,837
20210601,1335,343500,344500,343500,344500,207
20210601,1340,344500,345000,344500,344500,202
20210601,1345,344500,345000,343500,344500,278
20210601,1350,344500,345000,344000,344500,132
20210601,1355,345500,345500,344000,344500,345
20210601,1400,345000,345500,344000,345000,130
20210601,1405,345500,346000,344500,345000,272
20210601,1410,345000,345500,344500,345500,390
20210601,1415,345000,345500,345000,345000,152
20210601,1420,345000,345500,344500,344500,199
20210601,1425,344500,345500,344500,345000,270
20210601,1430,345000,347500,345000,347000,1420
20210601,1435,347000,347500,346000,346000,365
20210601,1440,346000,346500,346000,346500,243
20210601,1445,346000,347000,346000,346000,359
20210601,1450,346000,346500,346000,346000,297
20210601,1455,346000,347000,345500,346000,342
20210601,1500,346500,347000,345500,345500,468
20210601,1505,345500,347000,345500,346500,154
20210601,1510,346500,347000,345500,345500,238
20210601,1515,345500,347000,345500,346500,172
20210601,1520,346500,347000,345500,346000,586
20210601,1530,345500,345500,345500,345500,660
20210602,905,349500,352000,347500,351500,2898
20210602,910,351500,356000,351500,353500,4568
20210602,915,353500,354500,351000,353500,1953
20210602,920,354000,357000,353500,356500,3861
20210602,925,357000,360000,356000,358000,3583
20210602,930,358000,358000,356500,356500,1150
20210602,935,356500,357000,353500,353500,1361
20210602,940,354000,354500,352500,354000,1154
20210602,945,353500,354500,353500,354500,637
20210602,950,354500,355000,351500,352000,2088
20210602,955,352000,352500,351500,351500,710
20210602,1000,351500,353000,351500,352500,450
20210602,1005,352000,353000,350000,351500,1464
20210602,1010,351000,352500,350500,350500,1150
20210602,1015,352000,352000,350500,351500,408
20210602,1020,351500,351500,351000,351000,369
20210602,1025,351000,352000,351000,351000,248
20210602,1030,351000,352000,351000,351500,245
20210602,1035,351500,352500,351500,351500,306
20210602,1040,352000,352000,351500,351500,394
20210602,1045,351500,352500,351500,352000,279
20210602,1050,352000,352500,352000,352000,393
20210602,1055,352000,352500,351500,352500,399
20210602,1100,352000,352500,351500,352000,412
20210602,1105,352000,352500,350500,350500,968
20210602,1110,350500,352500,350000,351000,930
20210602,1115,351000,351500,350000,350500,272
20210602,1120,350500,351500,350500,351500,141
20210602,1125,351000,352000,350500,351000,368
20210602,1130,351000,352000,351000,351000,314
20210602,1135,350500,351500,350500,350500,212
20210602,1140,350500,351500,350000,350500,297
20210602,1145,350500,350500,350000,350000,485
20210602,1150,350500,350500,349000,349500,574
20210602,1155,349000,350000,349000,349000,334
20210602,1200,349000,350000,348500,348500,177
20210602,1205,349000,349000,348500,349000,385
20210602,1210,348500,349500,348500,349500,286
20210602,1215,349000,349000,348500,349000,291
20210602,1220,349000,349000,348000,348500,319
20210602,1225,348500,349500,348000,349500,229
20210602,1230,349000,350000,349000,349500,249
20210602,1235,349500,350000,349000,349500,180
20210602,1240,350000,350000,349500,349500,173
20210602,1245,349500,350000,349000,349500,303
20210602,1250,349000,349500,349000,349500,215
20210602,1255,349000,350000,349000,349000,203
20210602,1300,349000,350000,349000,349000,243
20210602,1305,349000,350000,348500,349000,271
20210602,1310,348500,349500,348500,349500,115
20210602,1315,349000,349500,348500,348500,226
20210602,1320,348500,348500,348000,348000,343
20210602,1325,348000,348500,348000,348000,391
20210602,1330,348000,348500,347500,347500,512
20210602,1335,347500,348000,347500,347500,277
20210602,1340,347500,348000,347000,347000,431
20210602,1345,347000,347500,346500,346500,912
20210602,1350,346500,347000,345500,345500,766
20210602,1355,346000,346500,345500,346500,684
20210602,1400,346500,347500,346500,347500,141
20210602,1405,347500,347500,346500,347000,119
20210602,1410,347000,347500,346500,347000,221
20210602,1415,346500,348500,346500,348000,264
20210602,1420,348500,348500,348000,348000,140
20210602,1425,348500,349500,348000,348000,644
20210602,1430,348000,348500,347000,348000,462
20210602,1435,348000,348500,347000,348000,351
20210602,1440,348000,348500,347000,347000,163
20210602,1445,347000,348000,347000,347500,196
20210602,1450,347500,348000,347000,347000,281
20210602,1455,347000,348500,347000,348000,578
20210602,1500,348000,348000,347500,347500,271
20210602,1505,347500,348000,347000,347500,447
20210602,1510,347500,348000,347500,348000,154
20210602,1515,348000,348500,347500,348000,420
20210602,1520,348000,348500,347500,347500,677
20210602,1530,347000,347000,347000,347000,844
20210603,905,347000,349000,345000,345500,1145
20210603,910,345000,346500,344500,346000,935
20210603,915,346500,350500,346500,350000,898
20210603,920,350000,350000,347500,347500,715
20210603,925,347500,348000,346000,346000,670
20210603,930,346000,346500,345000,346500,429
20210603,935,346500,346500,345500,345500,385
20210603,940,346000,346500,345500,345500,211
20210603,945,345500,345500,345000,345000,424
20210603,950,345000,345500,345000,345500,438
20210603,955,345000,345500,345000,345000,203
20210603,1000,345000,345500,344000,344500,1121
20210603,1005,344000,344500,344000,344000,267
20210603,1010,344000,344000,343000,343000,1467
20210603,1015,343000,343500,342500,343000,467
20210603,1020,343000,343500,342500,343000,390
20210603,1025,343000,343000,343000,343000,380
20210603,1030,343000,345000,343000,344000,433
20210603,1035,344500,344500,344000,344000,148
20210603,1040,344000,345000,344000,344500,569
20210603,1045,344500,344500,344000,344500,103
20210603,1050,344500,344500,344000,344500,52
20210603,1055,344500,344500,343500,343500,526
20210603,1100,344000,344000,343500,343500,93
20210603,1105,343500,344000,343000,343000,474
20210603,1110,343000,344000,343000,344000,283
20210603,1115,344000,344500,344000,344500,283
20210603,1120,344500,346500,344500,346500,380
20210603,1125,346500,346500,344500,344500,278
20210603,1130,345000,345000,344500,344500,89
20210603,1135,344500,345000,344500,344500,140
20210603,1140,345000,345000,344500,344500,106
20210603,1145,345000,345500,344500,345500,107
20210603,1150,346000,346000,345000,346000,98
20210603,1155,346000,346500,345500,346000,52
20210603,1200,346000,346500,345500,346500,49
20210603,1205,346500,346500,346000,346000,49
20210603,1210,346000,346000,345500,345500,54
20210603,1215,345500,346000,345500,345500,90
20210603,1220,345500,346000,345500,346000,78
20210603,1225,345500,346500,345500,346500,241
20210603,1230,346500,347000,346000,347000,114
20210603,1235,347000,347000,346500,347000,33
20210603,1240,346500,347000,346500,347000,75
20210603,1245,346500,347000,346000,346000,230
20210603,1250,346000,346500,346000,346500,100
20210603,1255,346000,346500,345000,345000,549
20210603,1300,345000,346000,344000,346000,394
20210603,1305,346000,346000,344500,344500,93
20210603,1310,344500,345500,344500,345000,71
20210603,1315,345000,346000,345000,345500,87
20210603,1320,346000,346000,345000,346000,72
20210603,1325,345000,346000,345000,345500,35
20210603,1330,345500,346000,345500,346000,178
20210603,1335,345500,346000,345500,345500,99
20210603,1340,345500,346000,345500,345500,54
20210603,1345,345500,345500,345500,345500,56
20210603,1350,346000,346000,345500,345500,91
20210603,1355,345500,346000,345500,346000,39
20210603,1400,346000,346000,345500,345500,86
20210603,1405,345500,346000,345500,346000,278
20210603,1410,346000,346000,345000,345500,138
20210603,1415,345000,345500,345000,345000,191
20210603,1420,345000,345500,344000,344500,535
20210603,1425,344500,345000,344000,344000,180
20210603,1430,344000,344500,344000,344500,251
20210603,1435,344000,345000,344000,344000,259
20210603,1440,344000,345000,344000,344500,190
20210603,1445,344000,345000,344000,344500,257
20210603,1450,344500,345000,344000,344500,252
20210603,1455,344500,345000,344000,344500,362
20210603,1500,344500,344500,344000,344500,545
20210603,1505,344500,345000,344000,345000,442
20210603,1510,345000,345500,344500,345000,193
20210603,1515,345000,345500,344500,345000,209
20210603,1520,345500,345500,345000,345500,377
20210603,1530,345500,345500,345500,345500,309
20210604,905,344500,345000,341500,342000,890
20210604,910,342000,343000,340500,340500,1204
20210604,915,341000,341500,340000,340500,1177
20210604,920,340500,341000,340000,340500,752
20210604,925,340500,341000,340000,340500,1720
20210604,930,340500,342000,340000,341500,362
20210604,935,341500,342500,341500,342500,228
20210604,940,342500,342500,341000,341000,234
20210604,945,341000,342000,341000,342000,426
20210604,950,341500,342000,341000,342000,271
20210604,955,342000,344000,342000,344000,600
20210604,1000,344000,344000,342000,342000,210
20210604,1005,342500,343000,342000,342500,356
20210604,1010,342500,343000,342000,342500,215
20210604,1015,342500,345500,342500,345500,556
20210604,1020,345000,346000,345000,345000,997
20210604,1025,345000,345500,344000,344000,486
20210604,1030,344000,345000,344000,344500,243
20210604,1035,345000,346000,344500,346000,439
20210604,1040,346000,350500,346000,350000,3117
20210604,1045,350000,350500,349500,350000,1313
20210604,1050,350000,351000,349000,350000,2061
20210604,1055,350000,353500,350000,353000,1810
20210604,1100,353500,354500,351500,352000,1720
20210604,1105,351500,352000,350000,350000,655
20210604,1110,350000,350000,348000,349000,1137
20210604,1115,349000,350000,349000,349500,246
20210604,1120,349500,350000,349000,349500,509
20210604,1125,349500,349500,348500,349000,353
20210604,1130,349000,349000,348500,349000,242
20210604,1135,348500,349000,348500,348500,178
20210604,1140,348500,348500,348000,348500,186
20210604,1145,348000,348500,347500,348000,383
20210604,1150,348000,348000,347500,348000,238
20210604,1155,348000,348500,347500,348000,93
20210604,1200,348000,348500,347500,348000,88
20210604,1205,348000,348500,347500,347500,80
20210604,1210,347500,348500,347000,347500,396
20210604,1215,347000,347500,346000,346000,407
20210604,1220,346500,347000,346000,346500,199
20210604,1225,346500,347000,346000,346000,258
20210604,1230,346000,347000,346000,346500,160
20210604,1235,347000,347000,346000,346500,340
20210604,1240,347000,347000,346000,346500,191
20210604,1245,346000,346500,346000,346500,120
20210604,1250,346500,347000,346000,346000,237
20210604,1255,346000,346500,346000,346000,379
20210604,1300,346000,347000,346000,346500,120
20210604,1305,346000,347000,346000,346000,75
20210604,1310,346000,347500,346000,347500,245
20210604,1315,348000,348000,347500,347500,281
20210604,1320,347500,348000,347000,347000,89
20210604,1325,347000,347500,347000,347000,64
20210604,1330,347000,347000,346500,346500,141
20210604,1335,347000,347500,346500,346500,212
20210604,1340,346500,347500,346500,346500,391
20210604,1345,346500,347000,346500,346500,582
20210604,1350,346500,346500,345500,345500,980
20210604,1355,345500,346000,345500,346000,115
20210604,1400,346000,346000,345500,345500,344
20210604,1405,345500,346000,345500,346000,156
20210604,1410,345500,346500,345500,346500,182
20210604,1415,346500,346500,346000,346000,144
20210604,1420,346000,346000,345500,345500,146
20210604,1425,345500,346000,345500,345500,145
20210604,1430,345500,346500,345500,346500,161
20210604,1435,346500,346500,345500,346000,223
20210604,1440,345500,346000,345000,345000,280
20210604,1445,345500,345500,345000,345000,178
20210604,1450,345000,345500,345000,345000,341
20210604,1455,345500,345500,345000,345000,143
20210604,1500,345000,345500,345000,345000,191
20210604,1505,345000,345500,345000,345500,108
20210604,1510,345000,345500,345000,345500,743
20210604,1515,345500,345500,344500,345000,594
20210604,1520,345000,345500,344500,345000,661
20210604,1530,345000,345000,345000,345000,418
20210607,905,348000,349000,343500,343500,2810
20210607,910,343000,344500,340500,344000,1733
20210607,915,344000,345000,341000,341000,1818
20210607,920,341000,341500,340500,341000,1154
20210607,925,340500,341000,337500,337500,4115
20210607,930,338000,338500,337000,338000,2563
20210607,935,338000,339000,338000,339000,1385
20210607,940,338500,339000,338000,338000,749
20210607,945,338000,338500,337000,337000,1864
20210607,950,337000,338000,337000,337000,1105
20210607,955,337500,337500,334000,334000,3863
20210607,1000,334500,335000,333000,333000,2135
20210607,1005,333500,334500,333000,334500,1084
20210607,1010,334500,337000,334500,336000,1920
20210607,1015,336000,337000,336000,336500,368
20210607,1020,336500,337500,336000,336000,553
20210607,1025,336000,336000,334500,335000,728
20210607,1030,335000,335000,334500,335000,1214
20210607,1035,334500,335500,333500,334000,2352
20210607,1040,334000,335500,334000,335000,710
20210607,1045,335000,335500,333500,333500,1206
20210607,1050,333500,335000,333500,334500,665
20210607,1055,334500,334500,334000,334500,545
20210607,1100,334500,335000,334500,334500,782
20210607,1105,335000,335500,334500,335000,677
20210607,1110,335000,335500,334500,335500,383
20210607,1115,335000,335500,334500,335000,680
20210607,1120,335000,335500,334500,335000,446
20210607,1125,334500,335500,334500,335000,602
20210607,1130,335000,335000,334500,335000,929
20210607,1135,335500,336500,335000,335500,650
20210607,1140,335500,336500,335500,336500,549
20210607,1145,336000,337000,336000,336500,328
20210607,1150,336500,337500,336500,337500,568
20210607,1155,337500,337500,336000,336500,218
20210607,1200,336500,337000,336000,336500,337
20210607,1205,336500,336500,336000,336000,149
20210607,1210,336000,336500,336000,336000,211
20210607,1215,336000,336000,335500,335500,237
20210607,1220,335500,336000,335000,335000,517
20210607,1225,335000,336000,335000,336000,390
20210607,1230,336000,336000,335000,335000,338
20210607,1235,335000,335500,335000,335000,188
20210607,1240,335500,336000,335000,335500,455
20210607,1245,336000,336000,335000,335000,242
20210607,1250,335000,335500,335000,335000,337
20210607,1255,335500,335500,334500,334500,1224
20210607,1300,334500,335000,334000,334000,935
20210607,1305,334000,335000,334000,334500,457
20210607,1310,334500,335000,334000,334000,583
20210607,1315,334000,335000,334000,334500,1131
20210607,1320,334500,334500,334000,334500,328
20210607,1325,334500,335000,334500,334500,132
20210607,1330,334500,335000,334500,335000,168
20210607,1335,334500,335500,334500,335000,314
20210607,1340,335000,335500,335000,335500,222
20210607,1345,335000,336000,335000,335500,217
20210607,1350,335500,335500,335000,335500,828
20210607,1355,335000,335500,334500,334500,230
20210607,1400,334500,335000,334500,334500,396
20210607,1405,335000,335000,334000,334500,501
20210607,1410,334000,335000,333500,334000,2841
20210607,1415,334000,334000,333000,333500,1471
20210607,1420,333500,334000,333500,333500,691
20210607,1425,333500,334000,333000,333000,2714
20210607,1430,333000,334500,333000,334500,638
20210607,1435,334000,334500,334000,334000,434
20210607,1440,334000,334500,333500,333500,405
20210607,1445,333500,334000,333500,333500,480
20210607,1450,333500,334000,333500,333500,600
20210607,1455,333500,334000,333000,333000,697
20210607,1500,333000,334000,333000,333500,627
20210607,1505,333500,334000,333500,333500,468
20210607,1510,333500,334000,333000,333000,1749
20210607,1515,333000,334000,333000,333500,898
20210607,1520,333000,333500,333000,333500,2682
20210607,1530,333500,333500,333500,333500,1743
